<?xml version='1.0' encoding='UTF-8'?>
<?artifactRepository version='1.1.0'?>
<repository name='file:/G:/workspace/Anypointworkspace/us-census-economic-indicator-connector/target/update-site/ - artifacts' type='org.eclipse.equinox.p2.artifact.repository.simpleRepository' version='1'>
  <properties size='2'>
    <property name='p2.timestamp' value='1500236812298'/>
    <property name='p2.compressed' value='false'/>
  </properties>
  <mappings size='3'>
    <rule filter='(&amp; (classifier=osgi.bundle))' output='${repoUrl}/plugins/${id}_${version}.jar'/>
    <rule filter='(&amp; (classifier=binary))' output='${repoUrl}/binary/${id}_${version}'/>
    <rule filter='(&amp; (classifier=org.eclipse.update.feature))' output='${repoUrl}/features/${id}_${version}.jar'/>
  </mappings>
  <artifacts size='2'>
    <artifact classifier='org.eclipse.update.feature' id='org.mule.tooling.ui.extension.us-census-economic-indicator-connector.3.5.0' version='1.0.0.201707161626'>
      <properties size='4'>
        <property name='artifact.size' value='666'/>
        <property name='download.size' value='666'/>
        <property name='download.md5' value='0796c4e5cc82f4ceae823841ae6de087'/>
        <property name='download.contentType' value='application/zip'/>
      </properties>
    </artifact>
    <artifact classifier='osgi.bundle' id='org.mule.tooling.ui.contribution.us-census-economic-indicator.3.5.0' version='1.0.0.201707161626'>
      <properties size='3'>
        <property name='artifact.size' value='399848'/>
        <property name='download.size' value='399848'/>
        <property name='download.md5' value='601bff69e933355c80c307bbbe87577d'/>
      </properties>
    </artifact>
  </artifacts>
</repository>
